{"0":{"FIVE":{"daily_change":-0.1627962085,"volume_avg":282798.39,"volatility":126.8972258733},"GAZP":{"daily_change":-0.0599030471,"volume_avg":40019661.0,"volatility":6.5941780834},"HHRU":{"daily_change":0.2930481283,"volume_avg":15217.86,"volatility":212.0470781633},"LKOH":{"daily_change":0.008012487,"volume_avg":34878.7,"volatility":59.2325506335},"MGNT":{"daily_change":0.2848011364,"volume_avg":47412.36,"volatility":476.3009991162},"MTSS":{"daily_change":0.1843246709,"volume_avg":917281.7,"volatility":23.6283697172},"NVTK":{"daily_change":null,"volume_avg":36.7,"volatility":28.4085083956},"OZON":{"daily_change":0.5694032311,"volume_avg":387086.33,"volatility":590.0206351468},"RTKM":{"daily_change":null,"volume_avg":2855229.7000000002,"volatility":5.5587593632},"SBER":{"daily_change":-0.0072881871,"volume_avg":9270622.5999999996,"volatility":4.1396638655},"TATN":{"daily_change":null,"volume_avg":899703.1,"volatility":6.5376189271},"TRNFP":{"daily_change":-0.0347153573,"volume_avg":6103.11,"volatility":3541.6896484673},"VTBR":{"daily_change":-0.0569105691,"volume_avg":8947875600.0,"volatility":0.0014710446},"YNDX":{"daily_change":-0.0128205128,"volume_avg":11007.51,"volatility":56.239062335}}}